"productKey","productType","addOn","numDays","discountGroupKey","url"
"theme-parks-with-park-hopper","theme-parks","park-hopper","1","STD_GST","https://disneyworld.disney.go.com/api/lexicon-view-assembler-service/wdw/tickets/product-types/theme-parks/prices?storeId=wdw&discountGroup=std-gst&startDate=2026-03-08&endDate=2026-07-06&numDays=1&addOn=park-hopper"
"theme-parks-with-park-hopper","theme-parks","park-hopper","2","STD_GST","https://disneyworld.disney.go.com/api/lexicon-view-assembler-service/wdw/tickets/product-types/theme-parks/prices?storeId=wdw&discountGroup=std-gst&startDate=2026-03-08&endDate=2026-07-06&numDays=2&addOn=park-hopper"
"theme-parks-with-park-hopper","theme-parks","park-hopper","3","STD_GST","https://disneyworld.disney.go.com/api/lexicon-view-assembler-service/wdw/tickets/product-types/theme-parks/prices?storeId=wdw&discountGroup=std-gst&startDate=2026-03-08&endDate=2026-07-06&numDays=3&addOn=park-hopper"
"theme-parks-with-park-hopper","theme-parks","park-hopper","4","STD_GST","https://disneyworld.disney.go.com/api/lexicon-view-assembler-service/wdw/tickets/product-types/theme-parks/prices?storeId=wdw&discountGroup=std-gst&startDate=2026-03-08&endDate=2026-07-06&numDays=4&addOn=park-hopper"
"theme-parks-with-park-hopper","theme-parks","park-hopper","5","STD_GST","https://disneyworld.disney.go.com/api/lexicon-view-assembler-service/wdw/tickets/product-types/theme-parks/prices?storeId=wdw&discountGroup=std-gst&startDate=2026-03-08&endDate=2026-07-06&numDays=5&addOn=park-hopper"
"theme-parks-with-park-hopper","theme-parks","park-hopper","6","STD_GST","https://disneyworld.disney.go.com/api/lexicon-view-assembler-service/wdw/tickets/product-types/theme-parks/prices?storeId=wdw&discountGroup=std-gst&startDate=2026-03-08&endDate=2026-07-06&numDays=6&addOn=park-hopper"
"theme-parks-with-park-hopper","theme-parks","park-hopper","7","STD_GST","https://disneyworld.disney.go.com/api/lexicon-view-assembler-service/wdw/tickets/product-types/theme-parks/prices?storeId=wdw&discountGroup=std-gst&startDate=2026-03-08&endDate=2026-07-06&numDays=7&addOn=park-hopper"
"theme-parks-with-park-hopper","theme-parks","park-hopper","8","STD_GST","https://disneyworld.disney.go.com/api/lexicon-view-assembler-service/wdw/tickets/product-types/theme-parks/prices?storeId=wdw&discountGroup=std-gst&startDate=2026-03-08&endDate=2026-07-06&numDays=8&addOn=park-hopper"
"theme-parks-with-park-hopper","theme-parks","park-hopper","9","STD_GST","https://disneyworld.disney.go.com/api/lexicon-view-assembler-service/wdw/tickets/product-types/theme-parks/prices?storeId=wdw&discountGroup=std-gst&startDate=2026-03-08&endDate=2026-07-06&numDays=9&addOn=park-hopper"
"theme-parks-with-park-hopper","theme-parks","park-hopper","10","STD_GST","https://disneyworld.disney.go.com/api/lexicon-view-assembler-service/wdw/tickets/product-types/theme-parks/prices?storeId=wdw&discountGroup=std-gst&startDate=2026-03-08&endDate=2026-07-06&numDays=10&addOn=park-hopper"
"theme-parks","theme-parks","","1","STD_GST","https://disneyworld.disney.go.com/api/lexicon-view-assembler-service/wdw/tickets/product-types/theme-parks/prices?storeId=wdw&discountGroup=std-gst&startDate=2026-03-08&endDate=2026-07-06&numDays=1"
"theme-parks","theme-parks","","2","STD_GST","https://disneyworld.disney.go.com/api/lexicon-view-assembler-service/wdw/tickets/product-types/theme-parks/prices?storeId=wdw&discountGroup=std-gst&startDate=2026-03-08&endDate=2026-07-06&numDays=2"
"theme-parks","theme-parks","","3","STD_GST","https://disneyworld.disney.go.com/api/lexicon-view-assembler-service/wdw/tickets/product-types/theme-parks/prices?storeId=wdw&discountGroup=std-gst&startDate=2026-03-08&endDate=2026-07-06&numDays=3"
"theme-parks","theme-parks","","4","STD_GST","https://disneyworld.disney.go.com/api/lexicon-view-assembler-service/wdw/tickets/product-types/theme-parks/prices?storeId=wdw&discountGroup=std-gst&startDate=2026-03-08&endDate=2026-07-06&numDays=4"
"theme-parks","theme-parks","","5","STD_GST","https://disneyworld.disney.go.com/api/lexicon-view-assembler-service/wdw/tickets/product-types/theme-parks/prices?storeId=wdw&discountGroup=std-gst&startDate=2026-03-08&endDate=2026-07-06&numDays=5"
"theme-parks","theme-parks","","6","STD_GST","https://disneyworld.disney.go.com/api/lexicon-view-assembler-service/wdw/tickets/product-types/theme-parks/prices?storeId=wdw&discountGroup=std-gst&startDate=2026-03-08&endDate=2026-07-06&numDays=6"
"theme-parks","theme-parks","","7","STD_GST","https://disneyworld.disney.go.com/api/lexicon-view-assembler-service/wdw/tickets/product-types/theme-parks/prices?storeId=wdw&discountGroup=std-gst&startDate=2026-03-08&endDate=2026-07-06&numDays=7"
"theme-parks","theme-parks","","8","STD_GST","https://disneyworld.disney.go.com/api/lexicon-view-assembler-service/wdw/tickets/product-types/theme-parks/prices?storeId=wdw&discountGroup=std-gst&startDate=2026-03-08&endDate=2026-07-06&numDays=8"
"theme-parks","theme-parks","","9","STD_GST","https://disneyworld.disney.go.com/api/lexicon-view-assembler-service/wdw/tickets/product-types/theme-parks/prices?storeId=wdw&discountGroup=std-gst&startDate=2026-03-08&endDate=2026-07-06&numDays=9"
"theme-parks","theme-parks","","10","STD_GST","https://disneyworld.disney.go.com/api/lexicon-view-assembler-service/wdw/tickets/product-types/theme-parks/prices?storeId=wdw&discountGroup=std-gst&startDate=2026-03-08&endDate=2026-07-06&numDays=10"
"theme-parks-with-park-hopper-plus","theme-parks","park-hopper-plus","1","STD_GST","https://disneyworld.disney.go.com/api/lexicon-view-assembler-service/wdw/tickets/product-types/theme-parks/prices?storeId=wdw&discountGroup=std-gst&startDate=2026-03-08&endDate=2026-07-06&numDays=1&addOn=park-hopper-plus"
"theme-parks-with-park-hopper-plus","theme-parks","park-hopper-plus","2","STD_GST","https://disneyworld.disney.go.com/api/lexicon-view-assembler-service/wdw/tickets/product-types/theme-parks/prices?storeId=wdw&discountGroup=std-gst&startDate=2026-03-08&endDate=2026-07-06&numDays=2&addOn=park-hopper-plus"
"theme-parks-with-park-hopper-plus","theme-parks","park-hopper-plus","3","STD_GST","https://disneyworld.disney.go.com/api/lexicon-view-assembler-service/wdw/tickets/product-types/theme-parks/prices?storeId=wdw&discountGroup=std-gst&startDate=2026-03-08&endDate=2026-07-06&numDays=3&addOn=park-hopper-plus"
"theme-parks-with-park-hopper-plus","theme-parks","park-hopper-plus","4","STD_GST","https://disneyworld.disney.go.com/api/lexicon-view-assembler-service/wdw/tickets/product-types/theme-parks/prices?storeId=wdw&discountGroup=std-gst&startDate=2026-03-08&endDate=2026-07-06&numDays=4&addOn=park-hopper-plus"
"theme-parks-with-park-hopper-plus","theme-parks","park-hopper-plus","5","STD_GST","https://disneyworld.disney.go.com/api/lexicon-view-assembler-service/wdw/tickets/product-types/theme-parks/prices?storeId=wdw&discountGroup=std-gst&startDate=2026-03-08&endDate=2026-07-06&numDays=5&addOn=park-hopper-plus"
"theme-parks-with-park-hopper-plus","theme-parks","park-hopper-plus","6","STD_GST","https://disneyworld.disney.go.com/api/lexicon-view-assembler-service/wdw/tickets/product-types/theme-parks/prices?storeId=wdw&discountGroup=std-gst&startDate=2026-03-08&endDate=2026-07-06&numDays=6&addOn=park-hopper-plus"
"theme-parks-with-park-hopper-plus","theme-parks","park-hopper-plus","7","STD_GST","https://disneyworld.disney.go.com/api/lexicon-view-assembler-service/wdw/tickets/product-types/theme-parks/prices?storeId=wdw&discountGroup=std-gst&startDate=2026-03-08&endDate=2026-07-06&numDays=7&addOn=park-hopper-plus"
"theme-parks-with-park-hopper-plus","theme-parks","park-hopper-plus","8","STD_GST","https://disneyworld.disney.go.com/api/lexicon-view-assembler-service/wdw/tickets/product-types/theme-parks/prices?storeId=wdw&discountGroup=std-gst&startDate=2026-03-08&endDate=2026-07-06&numDays=8&addOn=park-hopper-plus"
"theme-parks-with-park-hopper-plus","theme-parks","park-hopper-plus","9","STD_GST","https://disneyworld.disney.go.com/api/lexicon-view-assembler-service/wdw/tickets/product-types/theme-parks/prices?storeId=wdw&discountGroup=std-gst&startDate=2026-03-08&endDate=2026-07-06&numDays=9&addOn=park-hopper-plus"
"theme-parks-with-park-hopper-plus","theme-parks","park-hopper-plus","10","STD_GST","https://disneyworld.disney.go.com/api/lexicon-view-assembler-service/wdw/tickets/product-types/theme-parks/prices?storeId=wdw&discountGroup=std-gst&startDate=2026-03-08&endDate=2026-07-06&numDays=10&addOn=park-hopper-plus"
"theme-parks-with-water-parks-sports","theme-parks","water-parks-sports","2","STD_GST","https://disneyworld.disney.go.com/api/lexicon-view-assembler-service/wdw/tickets/product-types/theme-parks/prices?storeId=wdw&discountGroup=std-gst&startDate=2026-03-08&endDate=2026-07-06&numDays=2&addOn=water-parks-sports"
"theme-parks-with-water-parks-sports","theme-parks","water-parks-sports","3","STD_GST","https://disneyworld.disney.go.com/api/lexicon-view-assembler-service/wdw/tickets/product-types/theme-parks/prices?storeId=wdw&discountGroup=std-gst&startDate=2026-03-08&endDate=2026-07-06&numDays=3&addOn=water-parks-sports"
"theme-parks-with-water-parks-sports","theme-parks","water-parks-sports","4","STD_GST","https://disneyworld.disney.go.com/api/lexicon-view-assembler-service/wdw/tickets/product-types/theme-parks/prices?storeId=wdw&discountGroup=std-gst&startDate=2026-03-08&endDate=2026-07-06&numDays=4&addOn=water-parks-sports"
"theme-parks-with-water-parks-sports","theme-parks","water-parks-sports","5","STD_GST","https://disneyworld.disney.go.com/api/lexicon-view-assembler-service/wdw/tickets/product-types/theme-parks/prices?storeId=wdw&discountGroup=std-gst&startDate=2026-03-08&endDate=2026-07-06&numDays=5&addOn=water-parks-sports"
"theme-parks-with-water-parks-sports","theme-parks","water-parks-sports","6","STD_GST","https://disneyworld.disney.go.com/api/lexicon-view-assembler-service/wdw/tickets/product-types/theme-parks/prices?storeId=wdw&discountGroup=std-gst&startDate=2026-03-08&endDate=2026-07-06&numDays=6&addOn=water-parks-sports"
"theme-parks-with-water-parks-sports","theme-parks","water-parks-sports","7","STD_GST","https://disneyworld.disney.go.com/api/lexicon-view-assembler-service/wdw/tickets/product-types/theme-parks/prices?storeId=wdw&discountGroup=std-gst&startDate=2026-03-08&endDate=2026-07-06&numDays=7&addOn=water-parks-sports"
"theme-parks-with-water-parks-sports","theme-parks","water-parks-sports","8","STD_GST","https://disneyworld.disney.go.com/api/lexicon-view-assembler-service/wdw/tickets/product-types/theme-parks/prices?storeId=wdw&discountGroup=std-gst&startDate=2026-03-08&endDate=2026-07-06&numDays=8&addOn=water-parks-sports"
"theme-parks-with-water-parks-sports","theme-parks","water-parks-sports","9","STD_GST","https://disneyworld.disney.go.com/api/lexicon-view-assembler-service/wdw/tickets/product-types/theme-parks/prices?storeId=wdw&discountGroup=std-gst&startDate=2026-03-08&endDate=2026-07-06&numDays=9&addOn=water-parks-sports"
"theme-parks-with-water-parks-sports","theme-parks","water-parks-sports","10","STD_GST","https://disneyworld.disney.go.com/api/lexicon-view-assembler-service/wdw/tickets/product-types/theme-parks/prices?storeId=wdw&discountGroup=std-gst&startDate=2026-03-08&endDate=2026-07-06&numDays=10&addOn=water-parks-sports"
